Handle,Title,Tags
adaptogen-immunity-drops,Adaptogen Immunity Drops,goal:immune
advanced-100-whey-protein-isolate-chocolate,Advanced 100% Whey Protein Isolate (Chocolate),goal:strength
advanced-100-whey-protein-isolate-vanilla,Advanced 100% Whey Protein Isolate (Vanilla),goal:strength
bcaa-post-workout-powder-honeydew-watermelon,BCAA Post Workout Powder (Honeydew/Watermelon),goal:strength
bcaa-shock-powder-fruit-punch,BCAA Shock Powder (Fruit Punch),goal:strength
bee-pearl,Bee Pearl,goal:energy
beetroot,Beetroot,goal:energy
beetroot-powder,Beetroot Powder,goal:energy
chaga-mushroom,Chaga Mushroom,goal:immune
colostrum-capsules,Colostrum Capsules,goal:immune
colostrum-powder,Colostrum Powder,goal:immune
coq10-ubiquinone,CoQ10 Ubiquinone,goal:energy
creatine-hydration-powder,Creatine Hydration Powder,goal:strength
creatine-monohydrate,Creatine Monohydrate,goal:strength
digestive-gut-health-strips,Digestive + Gut Health Strips,goal:immune
energy-powder-fruit-punch,Energy Powder (Fruit Punch),goal:energy
energy-powder-lychee-splash-energy,Energy Powder (Lychee Splash Energy),goal:energy
energy-powder-melon-creamsicle,Energy Powder (Melon Creamsicle),goal:energy
energy-powder-cotton-candy,Energy Powder (Cotton Candy),goal:energy
energy-powder-strawberry-shortcake,Energy Powder (Strawberry Shortcake),goal:energy
energy-powder-guava-berry,Energy Powder (Guava Berry),goal:energy
fat-burner-with-mct,Fat Burner with MCT,goal:energy
grass-fed-hydrolyzed-collagen-peptides,Grass-Fed Hydrolyzed Collagen Peptides,goal:strength
grass-fed-collagen-peptides-chocolate,Grass-Fed Collagen Peptides Powder (Chocolate),goal:strength
grass-fed-collagen-creamer-vanilla,Grass-Fed Collagen Creamer (Vanilla),goal:strength
greens-superfood,Greens Superfood,goal:immune
hangover-strips,Hangover Strips,goal:strength
hydration-powder-lemonade,Hydration Powder (Lemonade),goal:energy
hydration-powder-lychee,Hydration Powder (Lychee),goal:energy
hydration-powder-peach-mango,Hydration Powder (Peach Mango),goal:energy
hydration-powder-passion-fruit,Hydration Powder (Passion Fruit),goal:energy
keto-bhb,Keto BHB,goal:energy
l-citrulline-l-arginine-stack,L-Citrulline & L-Arginine Stack,goal:strength
l-glutamine,L-Glutamine,goal:immune
lions-mane-mushroom,Lion's Mane Mushroom,goal:focus
magnesium-glycinate,Magnesium Glycinate,goal:sleep
mushroom-energy-cognition-drops,Mushroom Energy & Cognition Drops,goal:focus
nitric-oxide-1,Nitric Oxide,goal:strength
nitric-shock-preworkout-fruit-punch,Nitric Shock Pre-Workout Powder (Fruit Punch),goal:strength
nmn,NMN,goal:energy
ox-bile-complex,Ox Bile Complex,goal:immune
probiotic-metabolism-strips,Probiotic + Metabolism Strips,goal:immune
pure3-100-whey-protein-isolate-chocolate,Pure3 100% Whey Protein Isolate (Chocolate),goal:strength
plant-protein-chocolate,Plant Protein (Chocolate),goal:strength
recovery-cream,Recovery Cream,goal:strength
reishi-relax-gummies,Reishi Relax Gummies,goal:mood
sea-moss-1,Sea Moss,goal:immune
shilajit-adaptogen-complex,Shilajit Adaptogen Complex,goal:energy
vision-support,Vision Support,goal:immune
vitality-mushroom-coffee-medium-roast,Vitality Mushroom Coffee (Medium Roast),goal:energy
vitamin-d3-2-000-iu,Vitamin D3 2000 IU,goal:immune
